,hash,n,m,nf,method,runtime,cf,internalTime,avgNodeTime,modelPreperationTime,nNodes,optimizationTime,terminationCond
0,2823929,33,3,23,PhISCS_I_,0.03953194618225098,1.0,0.010809659957885742,,,,,
1,2823929,33,3,23,PhISCS_B_,0.011754751205444336,1.0,0.003863811492919922,,,,,
2,2823929,33,3,23,BnB_SemiDynamicLPBounding_None_True_Gurobi_-1,0.17162585258483887,1.0,0.15037989616394043,0.0062658290068308515,0.028705835342407227,24,0.08420658111572266,optimality
3,2823929,33,3,23,BnB_DynamicMWMBounding_None_False,60.00436305999756,1.0,60.00322389602661,0.002062391692308607,,29094,,time_limit
4,6060395,33,3,18,PhISCS_I_,0.02247023582458496,1.0,0.00508880615234375,,,,,
5,6060395,33,3,18,PhISCS_B_,0.010606527328491211,1.0,0.0029702186584472656,,,,,
6,6060395,33,3,18,BnB_SemiDynamicLPBounding_None_True_Gurobi_-1,0.1293797492980957,1.0,0.11281061172485352,0.005937400617097553,0.024312973022460938,19,0.06438994407653809,optimality
7,6060395,33,3,18,BnB_DynamicMWMBounding_None_False,34.17179083824158,1.0,34.17073106765747,0.002049342153511903,,16674,,optimality
8,8600760,33,3,17,PhISCS_I_,0.022989749908447266,1.0,0.004922151565551758,,,,,
9,8600760,33,3,17,PhISCS_B_,0.009878396987915039,1.0,0.0027637481689453125,,,,,
10,8600760,33,3,17,BnB_SemiDynamicLPBounding_None_True_Gurobi_-1,0.12291383743286133,1.0,0.1062471866607666,0.0059026214811537005,0.02356410026550293,18,0.06078815460205078,optimality
11,8600760,33,3,17,BnB_DynamicMWMBounding_None_False,35.768110275268555,1.0,35.767080307006836,0.001963713643735963,,18214,,optimality
12,7784797,33,3,25,PhISCS_I_,0.026871681213378906,1.0,0.009735584259033203,,,,,
13,7784797,33,3,25,PhISCS_B_,0.011037826538085938,1.0,0.004587888717651367,,,,,
14,7784797,33,3,25,BnB_SemiDynamicLPBounding_None_True_Gurobi_-1,0.36380887031555176,1.0,0.34766435623168945,0.006099374670731394,0.05080103874206543,57,0.19407057762145996,optimality
15,7784797,33,3,25,BnB_DynamicMWMBounding_None_False,60.00229811668396,1.0,60.001270055770874,0.0021370256813680547,,28077,,time_limit
16,5061521,33,3,16,PhISCS_I_,0.02308344841003418,1.0,0.00507354736328125,,,,,
17,5061521,33,3,16,PhISCS_B_,0.009677648544311523,1.0,0.002615213394165039,,,,,
18,5061521,33,3,16,BnB_SemiDynamicLPBounding_None_True_Gurobi_-1,0.11966061592102051,1.0,0.1025536060333252,0.006032565060783835,0.023246049880981445,17,0.05910921096801758,optimality
19,5061521,33,3,16,BnB_DynamicMWMBounding_None_False,13.476418018341064,1.0,13.475350379943848,0.001995756869067513,,6752,,optimality
20,6453836,33,3,16,PhISCS_I_,0.023613691329956055,1.0,0.005051851272583008,,,,,
21,6453836,33,3,16,PhISCS_B_,0.009878158569335938,1.0,0.00267791748046875,,,,,
22,6453836,33,3,16,BnB_SemiDynamicLPBounding_None_True_Gurobi_-1,0.12570595741271973,1.0,0.10884380340576172,0.00640257667092716,0.024421215057373047,17,0.06090283393859863,optimality
23,6453836,33,3,16,BnB_DynamicMWMBounding_None_False,12.0242178440094,1.0,12.023141384124756,0.0020499814806691826,,5865,,optimality
24,2250375,33,3,21,PhISCS_I_,0.027250051498413086,1.0,0.009391069412231445,,,,,
25,2250375,33,3,21,PhISCS_B_,0.010156631469726562,1.0,0.0036132335662841797,,,,,
26,2250375,33,3,21,BnB_SemiDynamicLPBounding_None_True_Gurobi_-1,0.15776848793029785,1.0,0.14085960388183594,0.006402709267356179,0.028095722198486328,22,0.08044052124023438,optimality
27,2250375,33,3,21,BnB_DynamicMWMBounding_None_False,60.00277233123779,1.0,60.00171709060669,0.002047211337493831,,29309,,time_limit
28,6784112,33,3,17,PhISCS_I_,0.022571802139282227,1.0,0.004981517791748047,,,,,
29,6784112,33,3,17,PhISCS_B_,0.009809255599975586,1.0,0.0027222633361816406,,,,,
30,6784112,33,3,17,BnB_SemiDynamicLPBounding_None_True_Gurobi_-1,0.1251680850982666,1.0,0.10834646224975586,0.006019247902764214,0.023999929428100586,18,0.06172490119934082,optimality
31,6784112,33,3,17,BnB_DynamicMWMBounding_None_False,26.28241229057312,1.0,26.281388521194458,0.002039846982396341,,12884,,optimality
32,3112593,33,3,10,PhISCS_I_,0.022742271423339844,1.0,0.004954814910888672,,,,,
33,3112593,33,3,10,PhISCS_B_,0.00881195068359375,1.0,0.0017762184143066406,,,,,
34,3112593,33,3,10,BnB_SemiDynamicLPBounding_None_True_Gurobi_-1,0.0763552188873291,1.0,0.05983257293701172,0.005439324812455611,0.018250703811645508,11,0.03492927551269531,optimality
35,3112593,33,3,10,BnB_DynamicMWMBounding_None_False,0.4875504970550537,1.0,0.4864981174468994,0.001977634623767884,,246,,optimality
36,8995176,33,3,16,PhISCS_I_,0.022470712661743164,1.0,0.004536867141723633,,,,,
37,8995176,33,3,16,PhISCS_B_,0.00927281379699707,1.0,0.0027086734771728516,,,,,
38,8995176,33,3,16,BnB_SemiDynamicLPBounding_None_True_Gurobi_-1,0.11566662788391113,1.0,0.09940862655639648,0.0058475662680233225,0.022442340850830078,17,0.05647444725036621,optimality
39,8995176,33,3,16,BnB_DynamicMWMBounding_None_False,40.24962568283081,1.0,40.248568058013916,0.0019685301798891674,,20446,,optimality
40,3578097,33,3,11,PhISCS_I_,0.0229184627532959,1.0,0.0049457550048828125,,,,,
41,3578097,33,3,11,PhISCS_B_,0.008934736251831055,1.0,0.001994609832763672,,,,,
42,3578097,33,3,11,BnB_SemiDynamicLPBounding_None_True_Gurobi_-1,0.08532214164733887,1.0,0.06859159469604492,0.00571596622467041,0.019100427627563477,12,0.0406336784362793,optimality
43,3578097,33,3,11,BnB_DynamicMWMBounding_None_False,1.667668342590332,1.0,1.6666345596313477,0.0020550364483740416,,811,,optimality
44,351366,33,3,18,PhISCS_I_,0.02213883399963379,1.0,0.004578113555908203,,,,,
45,351366,33,3,18,PhISCS_B_,0.009319067001342773,1.0,0.0030248165130615234,,,,,
46,351366,33,3,18,BnB_SemiDynamicLPBounding_None_True_Gurobi_-1,0.13631081581115723,1.0,0.11980390548706055,0.006305468709845292,0.024554014205932617,19,0.0703279972076416,optimality
47,351366,33,3,18,BnB_DynamicMWMBounding_None_False,60.00207805633545,1.0,60.00104236602783,0.0020455133251296434,,29333,,time_limit
48,1589352,33,3,14,PhISCS_I_,0.02253437042236328,1.0,0.0049555301666259766,,,,,
49,1589352,33,3,14,PhISCS_B_,0.009470462799072266,1.0,0.0023179054260253906,,,,,
50,1589352,33,3,14,BnB_SemiDynamicLPBounding_None_True_Gurobi_-1,0.10373497009277344,1.0,0.08717918395996094,0.005811945597330729,0.020890235900878906,15,0.05121421813964844,optimality
51,1589352,33,3,14,BnB_DynamicMWMBounding_None_False,4.098851203918457,1.0,4.097849369049072,0.0018901519229931145,,2168,,optimality
52,6024233,33,3,20,PhISCS_I_,0.022365570068359375,1.0,0.005272388458251953,,,,,
53,6024233,33,3,20,PhISCS_B_,0.009443283081054688,1.0,0.0032961368560791016,,,,,
54,6024233,33,3,20,BnB_SemiDynamicLPBounding_None_True_Gurobi_-1,0.1432650089263916,1.0,0.1274886131286621,0.006070886339460101,0.02566051483154297,21,0.0717473030090332,optimality
55,6024233,33,3,20,BnB_DynamicMWMBounding_None_False,60.00158500671387,1.0,60.00055503845215,0.0020889376123125075,,28723,,time_limit
56,5369640,33,3,19,PhISCS_I_,0.035176753997802734,1.0,0.017513036727905273,,,,,
57,5369640,33,3,19,PhISCS_B_,0.010141611099243164,1.0,0.0035562515258789062,,,,,
58,5369640,33,3,19,BnB_SemiDynamicLPBounding_None_True_Gurobi_-1,0.1641712188720703,1.0,0.1475536823272705,0.0047597962041055,0.026500225067138672,31,0.08539271354675293,optimality
59,5369640,33,3,19,BnB_DynamicMWMBounding_None_False,60.00168800354004,1.0,60.00067090988159,0.0020714887246636145,,28965,,time_limit
60,9476444,33,3,19,PhISCS_I_,0.03546309471130371,1.0,0.017824411392211914,,,,,
61,9476444,33,3,19,PhISCS_B_,0.010174036026000977,1.0,0.0037109851837158203,,,,,
62,9476444,33,3,19,BnB_SemiDynamicLPBounding_None_True_Gurobi_-1,0.3243091106414795,1.0,0.3076159954071045,0.004732553775493915,0.040955305099487305,65,0.17459797859191895,optimality
63,9476444,33,3,19,BnB_DynamicMWMBounding_None_False,60.00484824180603,1.0,60.003846406936646,0.002048961803207671,,29285,,time_limit
64,3763240,33,3,12,PhISCS_I_,0.02244091033935547,1.0,0.004909992218017578,,,,,
65,3763240,33,3,12,PhISCS_B_,0.008953571319580078,1.0,0.0019996166229248047,,,,,
66,3763240,33,3,12,BnB_SemiDynamicLPBounding_None_True_Gurobi_-1,0.08748316764831543,1.0,0.07111740112304688,0.005470569317157452,0.019208192825317383,13,0.041065216064453125,optimality
67,3763240,33,3,12,BnB_DynamicMWMBounding_None_False,1.024580717086792,1.0,1.0235490798950195,0.001983622247858565,,516,,optimality
68,832249,33,3,14,PhISCS_I_,0.027245283126831055,1.0,0.009277105331420898,,,,,
69,832249,33,3,14,PhISCS_B_,0.009123802185058594,1.0,0.0024051666259765625,,,,,
70,832249,33,3,14,BnB_SemiDynamicLPBounding_None_True_Gurobi_-1,0.1041715145111084,1.0,0.08783650398254395,0.005855766932169596,0.020546913146972656,15,0.051751136779785156,optimality
71,832249,33,3,14,BnB_DynamicMWMBounding_None_False,5.214802503585815,1.0,5.213770866394043,0.001975661563620327,,2639,,optimality
72,4210345,33,3,22,PhISCS_I_,0.03559994697570801,1.0,0.017961740493774414,,,,,
73,4210345,33,3,22,PhISCS_B_,0.010536909103393555,1.0,0.004158973693847656,,,,,
74,4210345,33,3,22,BnB_SemiDynamicLPBounding_None_True_Gurobi_-1,0.16001248359680176,1.0,0.14365148544311523,0.005985478560129802,0.028305768966674805,24,0.08109450340270996,optimality
75,4210345,33,3,22,BnB_DynamicMWMBounding_None_False,60.00253748893738,1.0,60.00150275230408,0.0020815063745335486,,28826,,time_limit
76,5759003,33,3,14,PhISCS_I_,0.022507429122924805,1.0,0.004848003387451172,,,,,
77,5759003,33,3,14,PhISCS_B_,0.009200096130371094,1.0,0.0022902488708496094,,,,,
78,5759003,33,3,14,BnB_SemiDynamicLPBounding_None_True_Gurobi_-1,0.10477352142333984,1.0,0.08830547332763672,0.005887031555175781,0.020754337310791016,15,0.05184173583984375,optimality
79,5759003,33,3,14,BnB_DynamicMWMBounding_None_False,5.603654384613037,1.0,5.602643251419067,0.002070452051522198,,2706,,optimality
80,8160569,33,3,15,PhISCS_I_,0.02185225486755371,1.0,0.0045130252838134766,,,,,
81,8160569,33,3,15,PhISCS_B_,0.009147405624389648,1.0,0.002725362777709961,,,,,
82,8160569,33,3,15,BnB_SemiDynamicLPBounding_None_True_Gurobi_-1,0.10427689552307129,1.0,0.0885622501373291,0.005535140633583069,0.0210113525390625,16,0.04936718940734863,optimality
83,8160569,33,3,15,BnB_DynamicMWMBounding_None_False,19.177263975143433,1.0,19.176230907440186,0.0020273000219304563,,9459,,optimality
84,2783721,33,3,18,PhISCS_I_,0.021985292434692383,1.0,0.0044536590576171875,,,,,
85,2783721,33,3,18,PhISCS_B_,0.009401798248291016,1.0,0.002984762191772461,,,,,
86,2783721,33,3,18,BnB_SemiDynamicLPBounding_None_True_Gurobi_-1,0.14981460571289062,1.0,0.1130678653717041,0.005950940282721268,0.04444098472595215,19,0.06511044502258301,optimality
87,2783721,33,3,19,BnB_DynamicMWMBounding_None_False,60.001540422439575,1.0,60.000526428222656,0.0020300624721959217,,29556,,time_limit
88,3167993,33,3,15,PhISCS_I_,0.022454500198364258,1.0,0.0048732757568359375,,,,,
89,3167993,33,3,15,PhISCS_B_,0.009737014770507812,1.0,0.0027494430541992188,,,,,
90,3167993,33,3,15,BnB_SemiDynamicLPBounding_None_True_Gurobi_-1,0.10971212387084961,1.0,0.09323525428771973,0.005827203392982483,0.021674394607543945,16,0.05431056022644043,optimality
91,3167993,33,3,15,BnB_DynamicMWMBounding_None_False,9.581218481063843,1.0,9.580175161361694,0.0019904789448081644,,4813,,optimality
92,2685142,33,3,19,PhISCS_I_,0.02314138412475586,1.0,0.005016803741455078,,,,,
93,2685142,33,3,19,PhISCS_B_,0.010047674179077148,1.0,0.003105640411376953,,,,,
94,2685142,33,3,19,BnB_SemiDynamicLPBounding_None_True_Gurobi_-1,0.1375443935394287,1.0,0.1208794116973877,0.006043970584869385,0.025286436080932617,20,0.06933426856994629,optimality
95,2685142,33,3,19,BnB_DynamicMWMBounding_None_False,60.001197814941406,1.0,60.00016760826111,0.0019905174537458484,,30143,,time_limit
96,3554199,33,3,14,PhISCS_I_,0.022691965103149414,1.0,0.0049479007720947266,,,,,
97,3554199,33,3,14,PhISCS_B_,0.009234428405761719,1.0,0.0023424625396728516,,,,,
98,3554199,33,3,14,BnB_SemiDynamicLPBounding_None_True_Gurobi_-1,0.10253214836120605,1.0,0.08594107627868652,0.005729405085245768,0.020845890045166016,15,0.04996657371520996,optimality
99,3554199,33,3,14,BnB_DynamicMWMBounding_None_False,3.1678102016448975,1.0,3.166804075241089,0.0019356993124945532,,1636,,optimality
100,7444682,33,3,19,PhISCS_I_,0.02631354331970215,1.0,0.008844852447509766,,,,,
101,7444682,33,3,19,PhISCS_B_,0.00945425033569336,1.0,0.0031654834747314453,,,,,
102,7444682,33,3,19,BnB_SemiDynamicLPBounding_None_True_Gurobi_-1,0.1367018222808838,1.0,0.1205594539642334,0.00602797269821167,0.02482318878173828,20,0.06850743293762207,optimality
103,7444682,33,3,19,BnB_DynamicMWMBounding_None_False,60.004984855651855,1.0,60.0039176940918,0.002099874634963842,,28575,,time_limit
104,5830946,33,3,16,PhISCS_I_,0.022885560989379883,1.0,0.004998445510864258,,,,,
105,5830946,33,3,16,PhISCS_B_,0.009728670120239258,1.0,0.002620220184326172,,,,,
106,5830946,33,3,16,BnB_SemiDynamicLPBounding_None_True_Gurobi_-1,0.1175394058227539,1.0,0.10088324546813965,0.005934308556949391,0.022905349731445312,17,0.0577850341796875,optimality
107,5830946,33,3,16,BnB_DynamicMWMBounding_None_False,16.960322856903076,1.0,16.95928192138672,0.002020646005169393,,8393,,optimality
108,6640098,33,3,21,PhISCS_I_,0.0337214469909668,1.0,0.015701770782470703,,,,,
109,6640098,33,3,21,PhISCS_B_,0.010390281677246094,1.0,0.003942728042602539,,,,,
110,6640098,33,3,21,BnB_SemiDynamicLPBounding_None_True_Gurobi_-1,0.16055607795715332,1.0,0.14372014999389648,0.005527698076688326,0.02834773063659668,26,0.08112907409667969,optimality
111,6640098,33,3,21,BnB_DynamicMWMBounding_None_False,60.00259566307068,1.0,60.00152635574341,0.0020749568197165474,,28917,,time_limit
112,8727495,33,3,15,PhISCS_I_,0.023299217224121094,1.0,0.005139827728271484,,,,,
113,8727495,33,3,15,PhISCS_B_,0.009937763214111328,1.0,0.0026907920837402344,,,,,
114,8727495,33,3,15,BnB_SemiDynamicLPBounding_None_True_Gurobi_-1,0.11130762100219727,1.0,0.09421610832214355,0.005888506770133972,0.022500991821289062,16,0.05405855178833008,optimality
115,8727495,33,3,15,BnB_DynamicMWMBounding_None_False,10.600281000137329,1.0,10.599241495132446,0.0020823657161360407,,5090,,optimality
116,513617,33,3,18,PhISCS_I_,0.022889375686645508,1.0,0.004965543746948242,,,,,
117,513617,33,3,18,PhISCS_B_,0.010193824768066406,1.0,0.0031244754791259766,,,,,
118,513617,33,3,18,BnB_SemiDynamicLPBounding_None_True_Gurobi_-1,0.13322091102600098,1.0,0.11669754981994629,0.006141976306312962,0.024741172790527344,19,0.0665433406829834,optimality
119,513617,33,3,18,BnB_DynamicMWMBounding_None_False,60.00518035888672,1.0,60.004130840301514,0.0021104435439048084,,28432,,time_limit
120,6803200,33,3,13,PhISCS_I_,0.022515296936035156,1.0,0.004990100860595703,,,,,
121,6803200,33,3,13,PhISCS_B_,0.00923776626586914,1.0,0.002248525619506836,,,,,
122,6803200,33,3,13,BnB_SemiDynamicLPBounding_None_True_Gurobi_-1,0.09554648399353027,1.0,0.07931900024414062,0.0056656428745814735,0.019817829132080078,14,0.04636049270629883,optimality
123,6803200,33,3,13,BnB_DynamicMWMBounding_None_False,3.544881820678711,1.0,3.5438811779022217,0.001987594603422446,,1783,,optimality
124,5999890,33,3,18,PhISCS_I_,0.02625274658203125,1.0,0.008990764617919922,,,,,
125,5999890,33,3,18,PhISCS_B_,0.009214162826538086,1.0,0.0029947757720947266,,,,,
126,5999890,33,3,18,BnB_SemiDynamicLPBounding_None_True_Gurobi_-1,0.13151240348815918,1.0,0.11553621292114258,0.006080853311639083,0.02365875244140625,19,0.06719350814819336,optimality
127,5999890,33,3,18,BnB_DynamicMWMBounding_None_False,60.003623723983765,1.0,60.002599239349365,0.0020323329914425335,,29524,,time_limit
128,2061773,33,3,17,PhISCS_I_,0.029030561447143555,1.0,0.010814905166625977,,,,,
129,2061773,33,3,17,PhISCS_B_,0.009749174118041992,1.0,0.002911806106567383,,,,,
130,2061773,33,3,17,BnB_SemiDynamicLPBounding_None_True_Gurobi_-1,0.12683510780334473,1.0,0.10986852645874023,0.006103807025485569,0.024312973022460938,18,0.0629124641418457,optimality
131,2061773,33,3,17,BnB_DynamicMWMBounding_None_False,40.07798099517822,1.0,40.07692098617554,0.0020098756763377904,,19940,,optimality
132,8675956,33,3,18,PhISCS_I_,0.027602672576904297,1.0,0.0050466060638427734,,,,,
133,8675956,33,3,18,PhISCS_B_,0.010526418685913086,1.0,0.0030372142791748047,,,,,
134,8675956,33,3,18,BnB_SemiDynamicLPBounding_None_True_Gurobi_-1,0.13942623138427734,1.0,0.11962127685546875,0.0062958566766036185,0.029476404190063477,19,0.06606149673461914,optimality
135,8675956,33,3,18,BnB_DynamicMWMBounding_None_False,58.5343701839447,1.0,58.53319454193115,0.002165329777372416,,27032,,optimality
136,477472,33,3,18,PhISCS_I_,0.029056549072265625,1.0,0.010584592819213867,,,,,
137,477472,33,3,18,PhISCS_B_,0.010021448135375977,1.0,0.0032434463500976562,,,,,
138,477472,33,3,18,BnB_SemiDynamicLPBounding_None_True_Gurobi_-1,0.13478374481201172,1.0,0.11774444580078125,0.006197076094777961,0.024579524993896484,19,0.06789064407348633,optimality
139,477472,33,3,18,BnB_DynamicMWMBounding_None_False,58.06141901016235,1.0,58.06018948554993,0.002072467945227554,,28015,,optimality
140,1314,33,3,19,PhISCS_I_,0.0375213623046875,1.0,0.019189119338989258,,,,,
141,1314,33,3,19,PhISCS_B_,0.010004281997680664,1.0,0.0034787654876708984,,,,,
142,1314,33,3,19,BnB_SemiDynamicLPBounding_None_True_Gurobi_-1,0.2814512252807617,1.0,0.26444578170776367,0.005876572926839193,0.03917241096496582,45,0.14992713928222656,optimality
143,1314,33,3,19,BnB_DynamicMWMBounding_None_False,60.00118136405945,1.0,60.000142097473145,0.0020780709346958455,,28873,,time_limit
144,2548757,33,3,16,PhISCS_I_,0.02313828468322754,1.0,0.005143642425537109,,,,,
145,2548757,33,3,16,PhISCS_B_,0.010044097900390625,1.0,0.0029828548431396484,,,,,
146,2548757,33,3,16,BnB_SemiDynamicLPBounding_None_True_Gurobi_-1,0.12105846405029297,1.0,0.10392951965332031,0.006113501156077665,0.023272275924682617,17,0.0608830451965332,optimality
147,2548757,33,3,16,BnB_DynamicMWMBounding_None_False,32.56936502456665,1.0,32.56831979751587,0.0020826397108016288,,15638,,optimality
148,7148649,33,3,16,PhISCS_I_,0.02227640151977539,1.0,0.004620075225830078,,,,,
149,7148649,33,3,16,PhISCS_B_,0.009244918823242188,1.0,0.0028090476989746094,,,,,
150,7148649,33,3,16,BnB_SemiDynamicLPBounding_None_True_Gurobi_-1,0.1185007095336914,1.0,0.10182070732116699,0.005989453371833353,0.02287769317626953,17,0.058463335037231445,optimality
151,7148649,33,3,16,BnB_DynamicMWMBounding_None_False,21.37674355506897,1.0,21.375672101974487,0.0020708847221443992,,10322,,optimality
152,7196320,33,3,13,PhISCS_I_,0.023534059524536133,1.0,0.005038738250732422,,,,,
153,7196320,33,3,13,PhISCS_B_,0.009479761123657227,1.0,0.0022954940795898438,,,,,
154,7196320,33,3,13,BnB_SemiDynamicLPBounding_None_True_Gurobi_-1,0.0988008975982666,1.0,0.08158183097839355,0.005827273641313825,0.020777225494384766,14,0.04756951332092285,optimality
155,7196320,33,3,13,BnB_DynamicMWMBounding_None_False,4.305798053741455,1.0,4.30472993850708,0.001972836818747516,,2182,,optimality
156,5236532,33,3,15,PhISCS_I_,0.0226900577545166,1.0,0.004709005355834961,,,,,
157,5236532,33,3,15,PhISCS_B_,0.00905919075012207,1.0,0.0026187896728515625,,,,,
158,5236532,33,3,15,BnB_SemiDynamicLPBounding_None_True_Gurobi_-1,0.11478471755981445,1.0,0.09808135032653809,0.00613008439540863,0.02202153205871582,16,0.05839037895202637,optimality
159,5236532,33,3,15,BnB_DynamicMWMBounding_None_False,8.211513996124268,1.0,8.210480213165283,0.002028280685070475,,4048,,optimality
160,7836577,33,3,19,PhISCS_I_,0.023052692413330078,1.0,0.005064249038696289,,,,,
161,7836577,33,3,19,PhISCS_B_,0.009963035583496094,1.0,0.003039121627807617,,,,,
162,7836577,33,3,19,BnB_SemiDynamicLPBounding_None_True_Gurobi_-1,0.13861465454101562,1.0,0.12178778648376465,0.006089389324188232,0.025914669036865234,20,0.06853437423706055,optimality
163,7836577,33,3,19,BnB_DynamicMWMBounding_None_False,60.0053768157959,1.0,60.00433945655823,0.002025052797966934,,29631,,time_limit
164,214961,33,3,19,PhISCS_I_,0.026560544967651367,1.0,0.00511622428894043,,,,,
165,214961,33,3,19,PhISCS_B_,0.010564804077148438,1.0,0.0031185150146484375,,,,,
166,214961,33,3,19,BnB_SemiDynamicLPBounding_None_True_Gurobi_-1,0.14458656311035156,1.0,0.12483525276184082,0.006241762638092041,0.030832767486572266,20,0.06777167320251465,optimality
167,214961,33,3,19,BnB_DynamicMWMBounding_None_False,60.00354838371277,1.0,60.00248718261719,0.0021815913024511775,,27504,,time_limit
168,3125767,33,3,20,PhISCS_I_,0.026253461837768555,1.0,0.005108833312988281,,,,,
169,3125767,33,3,20,PhISCS_B_,0.010882139205932617,1.0,0.003548860549926758,,,,,
170,3125767,33,3,20,BnB_SemiDynamicLPBounding_None_True_Gurobi_-1,0.15357232093811035,1.0,0.13364934921264648,0.006364254724411737,0.032064199447631836,21,0.07404708862304688,optimality
171,3125767,33,3,20,BnB_DynamicMWMBounding_None_False,60.004571199417114,1.0,60.003509521484375,0.0021024355123155,,28540,,time_limit
172,14767,33,3,16,PhISCS_I_,0.02316594123840332,1.0,0.005006074905395508,,,,,
173,14767,33,3,16,PhISCS_B_,0.009842872619628906,1.0,0.0028030872344970703,,,,,
174,14767,33,3,16,BnB_SemiDynamicLPBounding_None_True_Gurobi_-1,0.11998677253723145,1.0,0.1030893325805664,0.006064078387092142,0.02322244644165039,17,0.0593409538269043,optimality
175,14767,33,3,16,BnB_DynamicMWMBounding_None_False,24.91982364654541,1.0,24.918728828430176,0.0021476108617107794,,11603,,optimality
176,69751,33,3,19,PhISCS_I_,0.026797771453857422,1.0,0.004985809326171875,,,,,
177,69751,33,3,19,PhISCS_B_,0.010659217834472656,1.0,0.003313779830932617,,,,,
178,69751,33,3,19,BnB_SemiDynamicLPBounding_None_True_Gurobi_-1,0.1478252410888672,1.0,0.12793684005737305,0.006396842002868652,0.030814409255981445,20,0.07059168815612793,optimality
179,69751,33,3,19,BnB_DynamicMWMBounding_None_False,60.003657579422,1.0,60.002604246139526,0.0020674868805092526,,29022,,time_limit
180,1931783,33,3,16,PhISCS_I_,0.023345232009887695,1.0,0.005175352096557617,,,,,
181,1931783,33,3,16,PhISCS_B_,0.009713888168334961,1.0,0.002611875534057617,,,,,
182,1931783,33,3,16,BnB_SemiDynamicLPBounding_None_True_Gurobi_-1,0.1198434829711914,1.0,0.10297036170959473,0.006057080100564396,0.02327728271484375,17,0.05945587158203125,optimality
183,1931783,33,3,16,BnB_DynamicMWMBounding_None_False,11.247825860977173,1.0,11.24679446220398,0.0020228047593892047,,5560,,optimality
184,5042898,33,3,15,PhISCS_I_,0.021944761276245117,1.0,0.004579067230224609,,,,,
185,5042898,33,3,15,PhISCS_B_,0.008813142776489258,1.0,0.002415895462036133,,,,,
186,5042898,33,3,15,BnB_SemiDynamicLPBounding_None_True_Gurobi_-1,0.10951638221740723,1.0,0.09337139129638672,0.00583571195602417,0.021231889724731445,16,0.053928375244140625,optimality
187,5042898,33,3,15,BnB_DynamicMWMBounding_None_False,26.562183618545532,1.0,26.561155796051025,0.0019664733690716685,,13507,,optimality
188,2156364,33,3,16,PhISCS_I_,0.022032499313354492,1.0,0.0046045780181884766,,,,,
189,2156364,33,3,16,PhISCS_B_,0.009024381637573242,1.0,0.0026504993438720703,,,,,
190,2156364,33,3,16,BnB_SemiDynamicLPBounding_None_True_Gurobi_-1,0.11657834053039551,1.0,0.10045385360717773,0.005909050212186926,0.022246599197387695,17,0.058153390884399414,optimality
191,2156364,33,3,16,BnB_DynamicMWMBounding_None_False,32.80878162384033,1.0,32.80773091316223,0.0021022511157991947,,15606,,optimality
192,182493,33,3,13,PhISCS_I_,0.022922992706298828,1.0,0.004937410354614258,,,,,
193,182493,33,3,13,PhISCS_B_,0.00942230224609375,1.0,0.002399921417236328,,,,,
194,182493,33,3,13,BnB_SemiDynamicLPBounding_None_True_Gurobi_-1,0.09860396385192871,1.0,0.08187532424926758,0.0058482374463762555,0.020296573638916016,14,0.0492548942565918,optimality
195,182493,33,3,13,BnB_DynamicMWMBounding_None_False,2.2994935512542725,1.0,2.298468828201294,0.0020876192808367794,,1101,,optimality
196,9668081,33,3,18,PhISCS_I_,0.0221560001373291,1.0,0.004612445831298828,,,,,
197,9668081,33,3,18,PhISCS_B_,0.009608745574951172,1.0,0.003193378448486328,,,,,
198,9668081,33,3,18,BnB_SemiDynamicLPBounding_None_True_Gurobi_-1,0.145982027053833,1.0,0.1298513412475586,0.006834281118292557,0.0264284610748291,19,0.0717778205871582,optimality
199,9668081,33,3,18,BnB_DynamicMWMBounding_None_False,60.00341868400574,1.0,60.00169491767883,0.0019472218769935365,,30814,,time_limit
200,2129922,33,3,19,PhISCS_I_,0.022557735443115234,1.0,0.00491023063659668,,,,,
201,2129922,33,3,19,PhISCS_B_,0.009792089462280273,1.0,0.002959012985229492,,,,,
202,2129922,33,3,19,BnB_SemiDynamicLPBounding_None_True_Gurobi_-1,0.1374049186706543,1.0,0.12092709541320801,0.0060463547706604,0.025286436080932617,20,0.06871747970581055,optimality
203,2129922,33,3,19,BnB_DynamicMWMBounding_None_False,60.00487685203552,1.0,60.00383281707764,0.0020507119896472194,,29260,,time_limit
204,627381,33,3,17,PhISCS_I_,0.02305316925048828,1.0,0.00490260124206543,,,,,
205,627381,33,3,17,PhISCS_B_,0.01000666618347168,1.0,0.00293731689453125,,,,,
206,627381,33,3,17,BnB_SemiDynamicLPBounding_None_True_Gurobi_-1,0.12654757499694824,1.0,0.10948467254638672,0.006082481808132595,0.024405241012573242,18,0.06294465065002441,optimality
207,627381,33,3,17,BnB_DynamicMWMBounding_None_False,30.96888756752014,1.0,30.96784543991089,0.0020547969902402555,,15071,,optimality
208,5625776,33,3,13,PhISCS_I_,0.023130178451538086,1.0,0.005036592483520508,,,,,
209,5625776,33,3,13,PhISCS_B_,0.009096622467041016,1.0,0.002238750457763672,,,,,
210,5625776,33,3,13,BnB_SemiDynamicLPBounding_None_True_Gurobi_-1,0.0977330207824707,1.0,0.0807650089263916,0.005768929209027972,0.020774126052856445,14,0.04667162895202637,optimality
211,5625776,33,3,13,BnB_DynamicMWMBounding_None_False,2.5028884410858154,1.0,2.5018672943115234,0.0020274451331535846,,1234,,optimality
212,4257161,33,3,20,PhISCS_I_,0.022853851318359375,1.0,0.004975795745849609,,,,,
213,4257161,33,3,20,PhISCS_B_,0.010317802429199219,1.0,0.003476381301879883,,,,,
214,4257161,33,3,20,BnB_SemiDynamicLPBounding_None_True_Gurobi_-1,0.150665283203125,1.0,0.13372039794921875,0.006367637997581845,0.027225732803344727,21,0.07709717750549316,optimality
215,4257161,33,3,22,BnB_DynamicMWMBounding_None_False,60.001323223114014,1.0,60.00029158592224,0.002119103326478853,,28314,,time_limit
216,1912141,33,3,18,PhISCS_I_,0.022919893264770508,1.0,0.005136966705322266,,,,,
217,1912141,33,3,18,PhISCS_B_,0.009839296340942383,1.0,0.002923727035522461,,,,,
218,1912141,33,3,18,BnB_SemiDynamicLPBounding_None_True_Gurobi_-1,0.13309526443481445,1.0,0.11629986763000488,0.006121045664737099,0.024465322494506836,19,0.06800198554992676,optimality
219,1912141,33,3,18,BnB_DynamicMWMBounding_None_False,41.322678327560425,1.0,41.32165050506592,0.002061135799334892,,20048,,optimality
220,6472703,33,3,17,PhISCS_I_,0.02362990379333496,1.0,0.005056142807006836,,,,,
221,6472703,33,3,17,PhISCS_B_,0.009813785552978516,1.0,0.0027990341186523438,,,,,
222,6472703,33,3,17,BnB_SemiDynamicLPBounding_None_True_Gurobi_-1,0.12959718704223633,1.0,0.11256170272827148,0.006253427929348416,0.02422928810119629,18,0.06430840492248535,optimality
223,6472703,33,3,17,BnB_DynamicMWMBounding_None_False,45.870062828063965,1.0,45.86881899833679,0.002061519954981429,,22250,,optimality
224,6751508,33,3,21,PhISCS_I_,0.03520679473876953,1.0,0.01751255989074707,,,,,
225,6751508,33,3,21,PhISCS_B_,0.010172128677368164,1.0,0.0037555694580078125,,,,,
226,6751508,33,3,21,BnB_SemiDynamicLPBounding_None_True_Gurobi_-1,0.3006560802459717,1.0,0.2839488983154297,0.005915602048238118,0.04171919822692871,48,0.16210651397705078,optimality
227,6751508,33,3,21,BnB_DynamicMWMBounding_None_False,60.007522106170654,1.0,60.006484270095825,0.0020584002562464266,,29152,,time_limit
228,8621427,33,3,17,PhISCS_I_,0.0333399772644043,1.0,0.005866289138793945,,,,,
229,8621427,33,3,17,PhISCS_B_,0.009788990020751953,1.0,0.0029993057250976562,,,,,
230,8621427,33,3,17,BnB_SemiDynamicLPBounding_None_True_Gurobi_-1,0.12548542022705078,1.0,0.10859417915344238,0.006033009952969021,0.023738861083984375,18,0.06327414512634277,optimality
231,8621427,33,3,20,BnB_DynamicMWMBounding_None_False,60.005218505859375,1.0,60.00416088104248,0.002140253990620719,,28036,,time_limit
232,1384534,33,3,20,PhISCS_I_,0.023242473602294922,1.0,0.005032777786254883,,,,,
233,1384534,33,3,20,PhISCS_B_,0.01022481918334961,1.0,0.0031762123107910156,,,,,
234,1384534,33,3,20,BnB_SemiDynamicLPBounding_None_True_Gurobi_-1,0.1458292007446289,1.0,0.12910842895507812,0.006148020426432292,0.02648329734802246,21,0.07362246513366699,optimality
235,1384534,33,3,20,BnB_DynamicMWMBounding_None_False,60.00204157829285,1.0,60.001001834869385,0.002069856555639209,,28988,,time_limit
236,2582363,33,3,20,PhISCS_I_,0.02291393280029297,1.0,0.004995584487915039,,,,,
237,2582363,33,3,20,PhISCS_B_,0.010237455368041992,1.0,0.003286123275756836,,,,,
238,2582363,33,3,20,BnB_SemiDynamicLPBounding_None_True_Gurobi_-1,0.14742302894592285,1.0,0.13053178787231445,0.006215799422491165,0.026425600051879883,21,0.07523393630981445,optimality
239,2582363,33,3,23,BnB_DynamicMWMBounding_None_False,60.0034077167511,1.0,60.00239086151123,0.002141795140514411,,28015,,time_limit
240,7709830,33,3,14,PhISCS_I_,0.023022174835205078,1.0,0.00499725341796875,,,,,
241,7709830,33,3,14,PhISCS_B_,0.009525537490844727,1.0,0.0024831295013427734,,,,,
242,7709830,33,3,14,BnB_SemiDynamicLPBounding_None_True_Gurobi_-1,0.10487842559814453,1.0,0.08798837661743164,0.005865891774495442,0.02137136459350586,15,0.05105137825012207,optimality
243,7709830,33,3,14,BnB_DynamicMWMBounding_None_False,3.552187442779541,1.0,3.5511181354522705,0.0019447525385828425,,1826,,optimality
244,4264084,33,3,18,PhISCS_I_,0.02715158462524414,1.0,0.009134054183959961,,,,,
245,4264084,33,3,18,PhISCS_B_,0.009907722473144531,1.0,0.003222227096557617,,,,,
246,4264084,33,3,18,BnB_SemiDynamicLPBounding_None_True_Gurobi_-1,0.13175272941589355,1.0,0.1151270866394043,0.006059320349442332,0.024697065353393555,19,0.06519174575805664,optimality
247,4264084,33,3,18,BnB_DynamicMWMBounding_None_False,35.38115835189819,1.0,35.380080461502075,0.002089539361062017,,16932,,optimality
248,433896,33,3,17,PhISCS_I_,0.02303624153137207,1.0,0.004931211471557617,,,,,
249,433896,33,3,17,PhISCS_B_,0.009991884231567383,1.0,0.0030345916748046875,,,,,
250,433896,33,3,17,BnB_SemiDynamicLPBounding_None_True_Gurobi_-1,0.1262524127960205,1.0,0.10935807228088379,0.006075448460049099,0.023944377899169922,18,0.06318354606628418,optimality
251,433896,33,3,17,BnB_DynamicMWMBounding_None_False,53.762815713882446,1.0,53.76176595687866,0.0020537002810328774,,26178,,optimality
252,8482294,33,3,18,PhISCS_I_,0.022597789764404297,1.0,0.004903316497802734,,,,,
253,8482294,33,3,18,PhISCS_B_,0.009789228439331055,1.0,0.0028755664825439453,,,,,
254,8482294,33,3,18,BnB_SemiDynamicLPBounding_None_True_Gurobi_-1,0.13062644004821777,1.0,0.11405348777770996,0.0060028151461952615,0.024363040924072266,19,0.06551980972290039,optimality
255,8482294,33,3,18,BnB_DynamicMWMBounding_None_False,60.00164461135864,1.0,60.000619649887085,0.001963049882214529,,30565,,time_limit
256,3860294,33,3,19,PhISCS_I_,0.022557973861694336,1.0,0.004959583282470703,,,,,
257,3860294,33,3,19,PhISCS_B_,0.010062932968139648,1.0,0.0031685829162597656,,,,,
258,3860294,33,3,19,BnB_SemiDynamicLPBounding_None_True_Gurobi_-1,0.13925766944885254,1.0,0.12284493446350098,0.006142246723175049,0.025148630142211914,20,0.07078170776367188,optimality
259,3860294,33,3,19,BnB_DynamicMWMBounding_None_False,60.00118660926819,1.0,60.00012993812561,0.0020248423980198976,,29632,,time_limit
260,2276599,33,3,19,PhISCS_I_,0.03701043128967285,1.0,0.005116462707519531,,,,,
261,2276599,33,3,19,PhISCS_B_,0.010027408599853516,1.0,0.0030820369720458984,,,,,
262,2276599,33,3,19,BnB_SemiDynamicLPBounding_None_True_Gurobi_-1,0.1367344856262207,1.0,0.12021970748901367,0.006010985374450684,0.025193214416503906,20,0.06873130798339844,optimality
263,2276599,33,3,19,BnB_DynamicMWMBounding_None_False,37.85470104217529,1.0,37.85367465019226,0.002044818207119288,,18512,,optimality
264,8399733,33,3,12,PhISCS_I_,0.022480249404907227,1.0,0.004848003387451172,,,,,
265,8399733,33,3,12,PhISCS_B_,0.008946895599365234,1.0,0.002022266387939453,,,,,
266,8399733,33,3,12,BnB_SemiDynamicLPBounding_None_True_Gurobi_-1,0.08869218826293945,1.0,0.07238578796386719,0.0055681375356820915,0.019234657287597656,13,0.041968345642089844,optimality
267,8399733,33,3,12,BnB_DynamicMWMBounding_None_False,1.3520281314849854,1.0,1.3510076999664307,0.0019300109999520437,,700,,optimality
268,23588,33,3,19,PhISCS_I_,0.02112746238708496,1.0,0.0042417049407958984,,,,,
269,23588,33,3,19,PhISCS_B_,0.008914709091186523,1.0,0.0029430389404296875,,,,,
270,23588,33,3,19,BnB_SemiDynamicLPBounding_None_True_Gurobi_-1,0.13564467430114746,1.0,0.11996221542358398,0.0059981107711791996,0.024516820907592773,20,0.06762433052062988,optimality
271,23588,33,3,19,BnB_DynamicMWMBounding_None_False,60.00170850753784,1.0,60.00069785118103,0.002014054508112552,,29791,,time_limit
272,7455265,33,3,20,PhISCS_I_,0.0224151611328125,1.0,0.005063295364379883,,,,,
273,7455265,33,3,20,PhISCS_B_,0.010144233703613281,1.0,0.0031702518463134766,,,,,
274,7455265,33,3,20,BnB_SemiDynamicLPBounding_None_True_Gurobi_-1,0.14396238327026367,1.0,0.127579927444458,0.0060752346402122865,0.026102542877197266,21,0.0726921558380127,optimality
275,7455265,33,3,21,BnB_DynamicMWMBounding_None_False,60.00378704071045,1.0,60.00275707244873,0.0020525692564036784,,29233,,time_limit
276,5327082,33,3,16,PhISCS_I_,0.02280282974243164,1.0,0.005079507827758789,,,,,
277,5327082,33,3,16,PhISCS_B_,0.00959157943725586,1.0,0.0026471614837646484,,,,,
278,5327082,33,3,16,BnB_SemiDynamicLPBounding_None_True_Gurobi_-1,0.11533141136169434,1.0,0.09892630577087402,0.005819194457110237,0.022467851638793945,17,0.056545257568359375,optimality
279,5327082,33,3,16,BnB_DynamicMWMBounding_None_False,18.421719074249268,1.0,18.42071223258972,0.0021241596209167113,,8672,,optimality
280,2430599,33,3,18,PhISCS_I_,0.02602672576904297,1.0,0.00880885124206543,,,,,
281,2430599,33,3,18,PhISCS_B_,0.009356021881103516,1.0,0.0030286312103271484,,,,,
282,2430599,33,3,18,BnB_SemiDynamicLPBounding_None_True_Gurobi_-1,0.1353151798248291,1.0,0.11921286582946777,0.005960643291473389,0.024158000946044922,20,0.06821560859680176,optimality
283,2430599,33,3,18,BnB_DynamicMWMBounding_None_False,27.294776916503906,1.0,27.293771266937256,0.002060373765149638,,13247,,optimality
284,5574202,33,3,12,PhISCS_I_,0.022593021392822266,1.0,0.00489044189453125,,,,,
285,5574202,33,3,12,PhISCS_B_,0.008932352066040039,1.0,0.002044200897216797,,,,,
286,5574202,33,3,12,BnB_SemiDynamicLPBounding_None_True_Gurobi_-1,0.08884382247924805,1.0,0.07247090339660645,0.0055746848766620345,0.01931309700012207,13,0.04193687438964844,optimality
287,5574202,33,3,12,BnB_DynamicMWMBounding_None_False,1.581040382385254,1.0,1.580024003982544,0.0019363039264491961,,816,,optimality
288,6839196,33,3,19,PhISCS_I_,0.02131056785583496,1.0,0.0042192935943603516,,,,,
289,6839196,33,3,19,PhISCS_B_,0.009010791778564453,1.0,0.0029449462890625,,,,,
290,6839196,33,3,19,BnB_SemiDynamicLPBounding_None_True_Gurobi_-1,0.1358640193939209,1.0,0.12013101577758789,0.006006550788879394,0.02458477020263672,20,0.06789445877075195,optimality
291,6839196,33,3,19,BnB_DynamicMWMBounding_None_False,60.003204584121704,1.0,60.002196311950684,0.0020603734740728893,,29122,,time_limit
292,2739904,33,3,14,PhISCS_I_,0.022566556930541992,1.0,0.004915475845336914,,,,,
293,2739904,33,3,14,PhISCS_B_,0.009261846542358398,1.0,0.002331256866455078,,,,,
294,2739904,33,3,14,BnB_SemiDynamicLPBounding_None_True_Gurobi_-1,0.10505867004394531,1.0,0.0881197452545166,0.00587464968363444,0.021148204803466797,15,0.052220821380615234,optimality
295,2739904,33,3,14,BnB_DynamicMWMBounding_None_False,4.005598068237305,1.0,4.004502534866333,0.001962991438659967,,2040,,optimality
296,3098756,33,3,15,PhISCS_I_,0.022089719772338867,1.0,0.0044841766357421875,,,,,
297,3098756,33,3,15,PhISCS_B_,0.008803606033325195,1.0,0.002414703369140625,,,,,
298,3098756,33,3,15,BnB_SemiDynamicLPBounding_None_True_Gurobi_-1,0.10921549797058105,1.0,0.09306097030639648,0.00581631064414978,0.02128148078918457,16,0.05435776710510254,optimality
299,3098756,33,3,15,BnB_DynamicMWMBounding_None_False,44.82553720474243,1.0,44.82451868057251,0.002010609073318943,,22294,,optimality
300,1205154,33,3,21,PhISCS_I_,0.02278757095336914,1.0,0.00503087043762207,,,,,
301,1205154,33,3,21,PhISCS_B_,0.010126352310180664,1.0,0.003216266632080078,,,,,
302,1205154,33,3,21,BnB_SemiDynamicLPBounding_None_True_Gurobi_-1,0.1534442901611328,1.0,0.13675165176391602,0.0062159841710870915,0.027483701705932617,22,0.07863521575927734,optimality
303,1205154,33,3,21,BnB_DynamicMWMBounding_None_False,60.00170087814331,1.0,60.000673055648804,0.002097705592268252,,28603,,time_limit
304,9894714,33,3,19,PhISCS_I_,0.05168628692626953,1.0,0.0050084590911865234,,,,,
305,9894714,33,3,19,PhISCS_B_,0.010272502899169922,1.0,0.0033104419708251953,,,,,
306,9894714,33,3,19,BnB_SemiDynamicLPBounding_None_True_Gurobi_-1,0.13805317878723145,1.0,0.12154483795166016,0.006077241897583008,0.025383472442626953,20,0.07035112380981445,optimality
307,9894714,33,3,20,BnB_DynamicMWMBounding_None_False,60.00155329704285,1.0,60.000532388687134,0.002088355169979713,,28731,,time_limit
308,2930910,33,3,17,PhISCS_I_,0.023193836212158203,1.0,0.005070209503173828,,,,,
309,2930910,33,3,17,PhISCS_B_,0.009830951690673828,1.0,0.0028581619262695312,,,,,
310,2930910,33,3,17,BnB_SemiDynamicLPBounding_None_True_Gurobi_-1,0.12440085411071777,1.0,0.10765552520751953,0.005980862511528863,0.023802995681762695,18,0.06165647506713867,optimality
311,2930910,33,3,17,BnB_DynamicMWMBounding_None_False,37.20547389984131,1.0,37.20445656776428,0.002013882027052305,,18474,,optimality
312,6590386,33,3,20,PhISCS_I_,0.022255420684814453,1.0,0.0047109127044677734,,,,,
313,6590386,33,3,20,PhISCS_B_,0.009957313537597656,1.0,0.0034923553466796875,,,,,
314,6590386,33,3,20,BnB_SemiDynamicLPBounding_None_True_Gurobi_-1,0.14817357063293457,1.0,0.13167786598205566,0.006270374570574079,0.026654481887817383,21,0.07515931129455566,optimality
315,6590386,33,3,21,BnB_DynamicMWMBounding_None_False,60.00150489807129,1.0,60.00040674209595,0.0021142537348777597,,28379,,time_limit
316,5575833,33,3,19,PhISCS_I_,0.022854328155517578,1.0,0.0050201416015625,,,,,
317,5575833,33,3,19,PhISCS_B_,0.01003122329711914,1.0,0.0030498504638671875,,,,,
318,5575833,33,3,19,BnB_SemiDynamicLPBounding_None_True_Gurobi_-1,0.1414949893951416,1.0,0.12465786933898926,0.006232893466949463,0.02585768699645996,20,0.07171154022216797,optimality
319,5575833,33,3,19,BnB_DynamicMWMBounding_None_False,43.266268253326416,1.0,43.26523470878601,0.0019862838448620884,,21782,,optimality
320,1050603,33,3,9,PhISCS_I_,0.022924423217773438,1.0,0.0050127506256103516,,,,,
321,1050603,33,3,9,PhISCS_B_,0.008544921875,1.0,0.0016412734985351562,,,,,
322,1050603,33,3,9,BnB_SemiDynamicLPBounding_None_True_Gurobi_-1,0.07086467742919922,1.0,0.054137229919433594,0.005413722991943359,0.01778411865234375,10,0.032314300537109375,optimality
323,1050603,33,3,9,BnB_DynamicMWMBounding_None_False,0.265775203704834,1.0,0.26473402976989746,0.002134951852983044,,124,,optimality
324,6457890,33,3,11,PhISCS_I_,0.021395444869995117,1.0,0.004134654998779297,,,,,
325,6457890,33,3,11,PhISCS_B_,0.007990598678588867,1.0,0.0019352436065673828,,,,,
326,6457890,33,3,11,BnB_SemiDynamicLPBounding_None_True_Gurobi_-1,0.08281207084655762,1.0,0.06699872016906738,0.005583226680755615,0.018102169036865234,12,0.03960299491882324,optimality
327,6457890,33,3,11,BnB_DynamicMWMBounding_None_False,0.626307487487793,1.0,0.625286340713501,0.0019663092475267325,,318,,optimality
328,46667,33,3,20,PhISCS_I_,0.021440982818603516,1.0,0.004277944564819336,,,,,
329,46667,33,3,20,PhISCS_B_,0.009553909301757812,1.0,0.0034546852111816406,,,,,
330,46667,33,3,20,BnB_SemiDynamicLPBounding_None_True_Gurobi_-1,0.1475830078125,1.0,0.13135194778442383,0.006254854656401135,0.02621316909790039,21,0.07425928115844727,optimality
331,46667,33,3,20,BnB_DynamicMWMBounding_None_False,60.00175380706787,1.0,60.00072741508484,0.0021017488936207382,,28548,,time_limit
332,2394418,33,3,16,PhISCS_I_,0.02379155158996582,1.0,0.006035327911376953,,,,,
333,2394418,33,3,16,PhISCS_B_,0.009524106979370117,1.0,0.0027420520782470703,,,,,
334,2394418,33,3,16,BnB_SemiDynamicLPBounding_None_True_Gurobi_-1,0.12024450302124023,1.0,0.10341405868530273,0.006083179922664867,0.022847890853881836,17,0.06040501594543457,optimality
335,2394418,33,3,16,BnB_DynamicMWMBounding_None_False,23.756987810134888,1.0,23.755963802337646,0.002008451454374167,,11828,,optimality
336,2084239,33,3,20,PhISCS_I_,0.0333867073059082,1.0,0.015498161315917969,,,,,
337,2084239,33,3,20,PhISCS_B_,0.009972095489501953,1.0,0.003729581832885742,,,,,
338,2084239,33,3,20,BnB_SemiDynamicLPBounding_None_True_Gurobi_-1,0.2959785461425781,1.0,0.2796509265899658,0.005950019714680124,0.0401303768157959,47,0.1585376262664795,optimality
339,2084239,33,3,20,BnB_DynamicMWMBounding_None_False,60.001420974731445,1.0,60.00037932395935,0.0020747019129999777,,28920,,time_limit
340,7863863,33,3,13,PhISCS_I_,0.02282118797302246,1.0,0.0050809383392333984,,,,,
341,7863863,33,3,13,PhISCS_B_,0.009109020233154297,1.0,0.0021855831146240234,,,,,
342,7863863,33,3,13,BnB_SemiDynamicLPBounding_None_True_Gurobi_-1,0.09865713119506836,1.0,0.08190703392028809,0.00585050242287772,0.02054738998413086,14,0.04860949516296387,optimality
343,7863863,33,3,13,BnB_DynamicMWMBounding_None_False,3.03163480758667,1.0,3.0306379795074463,0.002036719072249628,,1488,,optimality
344,9049213,33,3,14,PhISCS_I_,0.021904945373535156,1.0,0.004410982131958008,,,,,
345,9049213,33,3,14,PhISCS_B_,0.008566856384277344,1.0,0.0024633407592773438,,,,,
346,9049213,33,3,14,BnB_SemiDynamicLPBounding_None_True_Gurobi_-1,0.10173487663269043,1.0,0.08573770523071289,0.005715847015380859,0.020517349243164062,15,0.04918718338012695,optimality
347,9049213,33,3,14,BnB_DynamicMWMBounding_None_False,5.7337870597839355,1.0,5.732778310775757,0.00199609272659323,,2872,,optimality
348,8339244,33,3,15,PhISCS_I_,0.022478342056274414,1.0,0.0045812129974365234,,,,,
349,8339244,33,3,15,PhISCS_B_,0.00888681411743164,1.0,0.002518177032470703,,,,,
350,8339244,33,3,15,BnB_SemiDynamicLPBounding_None_True_Gurobi_-1,0.110870361328125,1.0,0.0945291519165039,0.005908071994781494,0.0217282772064209,16,0.05446767807006836,optimality
351,8339244,33,3,15,BnB_DynamicMWMBounding_None_False,7.629678726196289,1.0,7.628634452819824,0.0020326763796482345,,3753,,optimality
352,8763765,33,3,19,PhISCS_I_,0.023088932037353516,1.0,0.005077838897705078,,,,,
353,8763765,33,3,19,PhISCS_B_,0.010303735733032227,1.0,0.0033044815063476562,,,,,
354,8763765,33,3,19,BnB_SemiDynamicLPBounding_None_True_Gurobi_-1,0.14395737648010254,1.0,0.1268773078918457,0.006343865394592285,0.026058435440063477,20,0.07410287857055664,optimality
355,8763765,33,3,20,BnB_DynamicMWMBounding_None_False,60.00229525566101,1.0,60.001262187957764,0.002107673956300329,,28468,,time_limit
356,1218983,33,3,16,PhISCS_I_,0.026562929153442383,1.0,0.004932880401611328,,,,,
357,1218983,33,3,16,PhISCS_B_,0.009855031967163086,1.0,0.0026504993438720703,,,,,
358,1218983,33,3,16,BnB_SemiDynamicLPBounding_None_True_Gurobi_-1,0.12290072441101074,1.0,0.10335111618041992,0.006079477422377642,0.027164459228515625,17,0.05723285675048828,optimality
359,1218983,33,3,16,BnB_DynamicMWMBounding_None_False,17.696972846984863,1.0,17.69590926170349,0.0020401094375955145,,8674,,optimality
360,4429864,33,3,20,PhISCS_I_,0.022188186645507812,1.0,0.0047817230224609375,,,,,
361,4429864,33,3,20,PhISCS_B_,0.009652376174926758,1.0,0.0032396316528320312,,,,,
362,4429864,33,3,20,BnB_SemiDynamicLPBounding_None_True_Gurobi_-1,0.14268946647644043,1.0,0.1266477108001709,0.00603084337143671,0.02577829360961914,21,0.07157254219055176,optimality
363,4429864,33,3,20,BnB_DynamicMWMBounding_None_False,60.00336837768555,1.0,60.002371072769165,0.0020589654475591645,,29142,,time_limit
364,9730776,33,3,18,PhISCS_I_,0.02307295799255371,1.0,0.0051233768463134766,,,,,
365,9730776,33,3,18,PhISCS_B_,0.01004791259765625,1.0,0.003108501434326172,,,,,
366,9730776,33,3,18,BnB_SemiDynamicLPBounding_None_True_Gurobi_-1,0.13474512100219727,1.0,0.11803364753723145,0.006212297238801655,0.02484583854675293,19,0.06815600395202637,optimality
367,9730776,33,3,20,BnB_DynamicMWMBounding_None_False,60.00372767448425,1.0,60.00268030166626,0.0021161234456591876,,28355,,time_limit
368,6030524,33,3,18,PhISCS_I_,0.029405832290649414,1.0,0.011596202850341797,,,,,
369,6030524,33,3,18,PhISCS_B_,0.009765386581420898,1.0,0.0032830238342285156,,,,,
370,6030524,33,3,18,BnB_SemiDynamicLPBounding_None_True_Gurobi_-1,0.1381392478942871,1.0,0.12141275405883789,0.005278815393862517,0.025119543075561523,23,0.06990194320678711,optimality
371,6030524,33,3,18,BnB_DynamicMWMBounding_None_False,60.004297494888306,1.0,60.003262519836426,0.0020742278249390356,,28928,,time_limit
372,5102435,33,3,17,PhISCS_I_,0.022880077362060547,1.0,0.0050506591796875,,,,,
373,5102435,33,3,17,PhISCS_B_,0.009776115417480469,1.0,0.0028400421142578125,,,,,
374,5102435,33,3,17,BnB_SemiDynamicLPBounding_None_True_Gurobi_-1,0.12529468536376953,1.0,0.10853242874145508,0.0060295793745252825,0.023844242095947266,18,0.06202530860900879,optimality
375,5102435,33,3,17,BnB_DynamicMWMBounding_None_False,23.75412607192993,1.0,23.7530837059021,0.0020211950056077347,,11752,,optimality
376,8353131,33,3,18,PhISCS_I_,0.026935338973999023,1.0,0.009052515029907227,,,,,
377,8353131,33,3,18,PhISCS_B_,0.009629487991333008,1.0,0.0032281875610351562,,,,,
378,8353131,33,3,18,BnB_SemiDynamicLPBounding_None_True_Gurobi_-1,0.13514256477355957,1.0,0.11873555183410645,0.006249239570216129,0.024460315704345703,19,0.06853818893432617,optimality
379,8353131,33,3,18,BnB_DynamicMWMBounding_None_False,60.00408315658569,1.0,60.00303864479065,0.0020722859141699412,,28955,,time_limit
380,2205796,33,3,21,PhISCS_I_,0.023270845413208008,1.0,0.005171775817871094,,,,,
381,2205796,33,3,21,PhISCS_B_,0.010398626327514648,1.0,0.003373861312866211,,,,,
382,2205796,33,3,21,BnB_SemiDynamicLPBounding_None_True_Gurobi_-1,0.1566627025604248,1.0,0.13974308967590332,0.006351958621631969,0.02800273895263672,22,0.07996320724487305,optimality
383,2205796,33,3,21,BnB_DynamicMWMBounding_None_False,60.00441646575928,1.0,60.003408432006836,0.002113763639412648,,28387,,time_limit
384,1021974,33,3,17,PhISCS_I_,0.036255836486816406,1.0,0.018627405166625977,,,,,
385,1021974,33,3,17,PhISCS_B_,0.009509801864624023,1.0,0.0030241012573242188,,,,,
386,1021974,33,3,17,BnB_SemiDynamicLPBounding_None_True_Gurobi_-1,0.12597417831420898,1.0,0.10942482948303223,0.005759201551738538,0.023482322692871094,19,0.06395363807678223,optimality
387,1021974,33,3,17,BnB_DynamicMWMBounding_None_False,40.96026062965393,1.0,40.959222078323364,0.002069692879147214,,19790,,optimality
388,4895222,33,3,12,PhISCS_I_,0.023381710052490234,1.0,0.004940509796142578,,,,,
389,4895222,33,3,12,PhISCS_B_,0.009099245071411133,1.0,0.0020904541015625,,,,,
390,4895222,33,3,12,BnB_SemiDynamicLPBounding_None_True_Gurobi_-1,0.09218287467956543,1.0,0.07515692710876465,0.005781302085289588,0.01986527442932129,13,0.044687747955322266,optimality
391,4895222,33,3,12,BnB_DynamicMWMBounding_None_False,2.089308977127075,1.0,2.0882656574249268,0.0019425727045813271,,1075,,optimality
392,1903823,33,3,20,PhISCS_I_,0.02671027183532715,1.0,0.009183883666992188,,,,,
393,1903823,33,3,20,PhISCS_B_,0.00957942008972168,1.0,0.0033512115478515625,,,,,
394,1903823,33,3,20,BnB_SemiDynamicLPBounding_None_True_Gurobi_-1,0.14690828323364258,1.0,0.13071370124816895,0.006224461964198521,0.0262148380279541,21,0.07498931884765625,optimality
395,1903823,33,3,20,BnB_DynamicMWMBounding_None_False,60.00401973724365,1.0,60.00302815437317,0.002080837430793909,,28836,,time_limit
396,2313579,33,3,21,PhISCS_I_,0.027390003204345703,1.0,0.009612321853637695,,,,,
397,2313579,33,3,21,PhISCS_B_,0.010303020477294922,1.0,0.0035386085510253906,,,,,
398,2313579,33,3,21,BnB_SemiDynamicLPBounding_None_True_Gurobi_-1,0.14996099472045898,1.0,0.13352155685424805,0.00580528508061948,0.0272982120513916,23,0.07499432563781738,optimality
399,2313579,33,3,21,BnB_DynamicMWMBounding_None_False,60.00123119354248,1.0,60.00017309188843,0.0020774963848858565,,28881,,time_limit
